name,ra,dec,redshift
SN 2013K,307.8783,-25.59453,
SN 2013ch,302.68004,-21.59756,
SN 2006ai,296.39134,-25.9822,
SN 2012ah,306.50332,-34.61774,
SN 1992ao,306.47475,-34.64233,
SN 1991aq,300.23904,-35.17142,
SN 2007as,294.7882,-20.71181,
SN 2010E,299.01076,-36.89972,
SN 2004ch,308.15161,-16.5682,
SN 2009J,288.31742,-29.53456,
SN 2009iw,288.31527,-29.53051,
SN 2001ke,298.23224,-13.86339,0.36
SN 2013H,290.51326,-18.71596,
SN 2009gd,313.29938,-16.505,
SN 2004M,304.2999,-42.28663,
SN 2014cu,317.30513,-37.72723,
SN 1998cx,318.86326,-17.78643,
SN 2009fz,318.86468,-17.77487,
SN 2014ca,318.85607,-17.64657,
SN 2013B,287.32606,-16.49308,
SN 2002B,282.64159,-31.15982,0.143
SN 2004ga,282.21504,-29.8241,0.11
SN 2010gw,323.20373,-32.85558,
SN 2003gh,283.47136,-21.47703,
SN 1998er,281.8304,-30.48002,
SN 1992U,323.79151,-34.42849,
SN 2014bx,324.78715,-29.81082,
SN 2004O,282.42102,-35.94736,
SN 2013cz,325.22878,-30.30612,
SN 2003ma,280.7042,-32.20413,0.289
SN 2012dk,307.59041,-46.75963,
SN 1999ga,281.32101,-21.52019,
SN 2015F,281.27041,-21.50431,
SN 1999J,279.96887,-31.90121,
SN 2004N,279.92167,-31.92406,
SN 1987A,279.7036,-31.93706,
SN 2013fx,316.14224,-45.0667,
SN 2012fu,281.12784,-36.95204,
SN 2015J,280.85365,-21.47254,
SN 1998eh,325.41832,-35.57832,
SN 1975V,326.23396,-32.91883,
SN 2006bc,280.29421,-22.59957,
SN 1996af,319.64027,-43.22183,0.1
SN 2015bj,285.77431,-13.42871,
SN 2004gp,280.1012,-35.69115,
SN 2005av,325.94721,-35.3015,
SN 1998ew,325.98064,-35.3008,
SN 2009gu,318.34765,-11.52997,
SN 2004aa,279.82333,-37.68953,
SN 2011do,280.09905,-38.44215,
SN 1935C,281.37324,-40.72753,
SN 2004gb,278.54273,-35.9041,0.22
SN 2008ag,327.7007,-23.81861,
SN 1976Q,326.26017,-39.01701,
SN 2008cc,327.11774,-37.46954,
SN 1978J,321.65476,-44.30787,
SN 1983F,328.18819,-23.96307,
SN 2009dq,288.01796,-8.99566,
SN 2014cj,276.86586,-26.21851,
SN 1978K,283.47245,-44.65411,
SN 1962M,283.35951,-44.64481,
SN 2006bh,320.98058,-45.77638,
SN 2009iu,321.00698,-45.78179,
SN 2004fv,327.52015,-20.05686,
SN 2009ge,324.56225,-14.04107,
SN 1982N,328.07404,-39.00363,
SN 1976P,278.9836,-17.21689,
SN 2001cn,329.64097,-24.05366,
SN 1985T,330.18914,-25.75781,
SN 1991E,275.53065,-26.26176,
SN 2015ak,324.37753,-44.52888,
SN 2005cm,326.07449,-42.85647,
SN 1996cr,311.32407,-3.81423,
SN 2013gi,275.13058,-27.32731,
SN 1998df,328.16621,-40.99821,
SN 2012gp,274.66349,-27.67505,
SN 2013ay,330.41871,-23.48855,
SN 2012hb,281.51671,-12.07724,
SN 2008fa,330.97489,-25.66098,
SN 2011cb,321.88412,-47.46671,
SN 1992ba,273.81078,-31.76089,
SN 1993M,331.80267,-26.5615,
SN 2001bd,331.81183,-26.57759,
SN 2011fn,274.41984,-24.55524,
SN 2008bc,283.60387,-8.60403,
SN 2009hm,329.34713,-41.81371,
SN 1983Y,329.3519,-41.81478,
SN 1998cq,304.10034,-53.28321,0.15
SN 2005at,332.26436,-26.15475,
SN 1998du,304.08476,-53.30828,
SN 1996bm,304.18416,-53.3661,
SN 2009bu,321.93905,-48.9561,
SN 2007bn,321.95953,-48.9474,
SN 2014cq,282.18215,-9.53374,
SN 2006aw,273.55839,-35.93015,
SN 2005br,331.56505,-39.31702,
SN 2004ac,332.45879,-23.59771,
SN 2009il,272.72463,-25.92797,
SN 2009lq,274.73523,-41.46472,
SN 1992O,333.60061,-27.56072,
SN 1986L,274.51756,-41.20922,
SN 1984J,274.51022,-41.19788,
SN 2009ib,274.49886,-41.1933,
SN 2005df,274.49085,-41.20001,
SN 1990af,330.82268,-42.23489,
SN 1992bg,274.61114,-18.34643,
SN 2011jz,272.75344,-38.12446,
SN 2012bt,331.71821,-19.0738,
SN 2011gw,273.81369,-19.74448,
SN 2008cm,273.28412,-21.00135,
SN 1992N,334.06713,-26.4642,
SN 2011ka,271.61677,-35.01806,
SN 2012ew,282.50855,-50.24178,
SN 1971R,333.85632,-24.55738,
SN 2005cj,290.55722,-53.47231,
SN 2014cs,331.55346,-42.59723,
SN 2011kb,273.24689,-20.42252,
SN 1993A,274.02853,-18.44016,
SN 2011di,333.55615,-22.89276,
SN 1997cy,272.39553,-39.88126,
SN 2012fv,334.51983,-25.45917,
SN 2011fm,334.52529,-25.45543,
SN 2015L,330.07163,-45.54808,0.236
SN 1998ea,272.19808,-39.82112,
SN 2014br,323.60542,-50.85697,
SN 1992ae,332.7058,-41.98735,
SN 1998dv,272.28341,-40.29971,0.156
SN 2015T,322.57433,-51.48772,
SN 1997fe,272.04051,-39.93928,
SN 2008ia,277.80709,-10.80178,
SN 1998dy,271.90897,-40.37609,
SN 1997A,271.71489,-40.21384,
SN 2014Z,291.90438,-54.86696,
SN 2009ll,270.82051,-24.60932,
SN 2012du,332.31985,-44.63883,
SN 2012db,332.32506,-16.26911,
SN 2007cr,326.05549,-7.63973,
SN 1998ff,328.24385,-49.18955,1.2
SN 2006ox,336.09557,-26.63595,
SN 1997de,336.10298,-26.62791,
SN 2013by,329.44259,-10.79586,
SN 1975U,307.99597,-56.83438,
SN 1992E,269.40081,-25.21589,
SN 2009ap,331.64731,-13.50485,
SN 2009mg,268.86795,-26.85887,
SN 2008M,268.85421,-26.86466,
SN 1935A,331.81095,-13.3701,
SN 2012hr,268.83636,-26.8683,
SN 2002by,333.47271,-15.92148,
SN 2010dc,337.59324,-27.57468,
SN 2001bt,337.32483,-25.86637,
SN 1990W,329.74122,-9.57305,
SN 2011N,267.66723,-30.61294,
SN 2010hj,334.45337,-45.36009,
SN 1992bh,267.84947,-37.32802,
SN 2011gv,338.60664,-30.99564,
SN 2013gr,289.80023,-57.03001,
SN 2005ah,267.22474,-29.39885,
SN 2000er,281.94161,-54.73136,
SN 2009if,268.07144,-41.96263,
SN 2013hx,291.8277,-58.20298,0.135
SN 2011eb,286.67093,-57.1899,
SN 1995W,323.28108,-55.80084,
SN 2012dy,338.2028,-42.13224,
SN 2011ec,330.73215,-51.94223,
SN 2002dm,339.78169,-36.00437,
SN 1997cp,336.90235,-45.46576,0.16
SN 2010ae,268.25548,-19.43387,
SN 1996ap,337.18232,-45.73494,
SN 2000cj,339.69172,-25.14383,
SN 2005cb,339.70445,-25.12824,
SN 1934A,338.52341,-20.02606,
SN 2005bs,341.08625,-33.08085,
SN 1997ej,266.64607,-43.21826,
SN 2014dn,266.63543,-43.22247,
SN 1997D,266.88229,-44.16143,
SN 2013eo,341.34432,-32.6284,
SN 2010co,341.38436,-32.89784,
SN 1990T,341.50291,-31.52566,
SN 2010bh,266.90362,-19.75659,
SN 2010ds,340.74265,-25.56883,
SN 2010iu,306.19465,-60.89769,
SN 1992br,288.01398,-59.42808,
SN 1994ad,287.04652,-59.25873,
SN 2012fz,341.88694,-32.12357,
SN 2013fq,341.88884,-31.52359,
SN 2013fc,275.20412,-54.83177,
SN 2014eg,275.19958,-54.83319,
SN 1982K,342.31549,-33.19678,
SN 2009jz,263.48422,-32.02038,
SN 1985N,338.92229,-47.38257,
SN 1991ag,342.55598,-31.63852,
SN 1982S,305.35829,-61.76215,
SN 1987I,342.76116,-33.33288,
SN 2005dk,342.46985,-28.82342,
SN 2012U,282.26642,-58.83831,
SN 1998bo,342.79805,-31.23176,
SN 2004ew,282.40057,-58.98526,
SN 1991al,342.6159,-29.09667,
SN 1983D,268.64467,-50.41507,
SN 2010el,264.31972,-43.39536,
SN 1984K,343.19639,-32.09322,
SN 2006ci,339.74827,-17.36226,
SN 2011ed,342.44803,-25.21185,
SN 1984O,342.4489,-25.21084,
SN 2005aw,342.96494,-25.06949,
SN 1998em,342.99074,-25.05254,
SN 1996al,325.64805,-59.46102,
SN 2010kw,263.99818,-20.97999,
SN 1998ee,284.09418,-60.82686,
SN 1979D,279.71138,-59.5802,
SN 2000ek,279.70467,-59.59289,
SN 2008gc,279.61075,-59.62977,
SN 2011ce,342.62989,-22.15806,
SN 2004do,342.63014,-22.15256,
SN 1992bk,265.03661,-48.91769,
SN 2015al,343.87386,-26.39571,
SN 2004cw,344.10731,-27.22502,
SN 1997fd,264.99562,-49.21464,
SN 2009ah,295.09958,8.6737,
SN 1996bx,263.41299,-46.74722,
SN 1978L,344.876,-38.43824,
SN 1998ds,267.06823,-52.5542,
SN 1996ao,265.43936,-51.25916,
SN 1998bw,344.99304,-27.71686,
SN 1998ap,345.67422,-31.5347,
SN 1997cu,265.04264,-51.21322,
SN 2011X,311.91794,9.17449,
SN 2009O,264.93163,-51.24827,
SN 2010gt,345.77596,-39.23163,
SN 1998fb,264.63796,-51.04535,
SN 1996as,345.64546,-41.4035,
SN 1991I,259.4621,-33.92012,
SN 2006ms,346.50465,-37.27687,
SN 2014cm,341.61965,-14.93886,
SN 2015aw,278.53967,-61.40917,
SN 2009gg,346.23568,-40.83004,
SN 2007fj,21.83713,-55.36961,
SN 2000fb,259.61956,-29.11403,
SN 2012im,346.51023,-40.29644,
SN 2013ek,346.51035,-40.2964,
SN 2006Y,262.53678,-17.77442,
SN 2014cd,259.65188,-43.58023,
SN 2013fz,259.64613,-43.583,
SN 1992al,347.33689,-38.48983,
SN 1995U,347.22649,-39.85029,
SN 2010jb,298.05835,-65.87317,
SN 2011id,266.61733,-56.24273,
SN 1998X,346.54915,-23.68033,
SN 2005cu,346.55157,-23.68336,
SN 1998dq,346.55201,-23.68126,
SN 2000do,346.55405,-23.68735,
SN 2013L,292.36087,10.91519,
SN 1976O,348.47953,-34.95984,
SN 1992au,319.1126,-65.88266,
SN 2005ae,264.01566,-10.58048,
SN 1998cv,345.5014,-51.78125,
SN 2013gk,345.98803,-18.95686,
SN 2003bx,256.2916,-34.02301,
SN 2015S,311.31938,-67.20855,
SN 1982P,311.32865,-67.21167,
SN 2005af,305.14606,13.24797,
SN 2011ja,305.22338,13.28638,
SN 2010bp,316.16771,11.39141,
SN 2007pl,256.8471,-27.51891,
SN 2002ba,255.62787,-35.70216,
SN 2002bb,255.46895,-35.61994,
SN 2012cj,309.21751,13.50627,
SN 2002bc,255.34449,-35.42329,
SN 1998dr,320.6377,-66.81756,
SN 2011bx,255.29098,-41.0308,
SN 1999co,34.10661,-35.68566,
SN 2010aa,279.45416,-65.7842,
SN 2007st,279.45729,-65.78597,
SN 1994Z,316.15372,-67.7162,
SN 1985M,347.58823,-52.03346,
SN 2009aj,313.95521,12.97537,
SN 2010ls,311.34191,13.67889,
SN 2012bl,351.14969,-34.95797,
SN 2005dn,351.06189,-32.84218,
SN 2012fw,351.16462,-41.28261,
SN 2003ho,351.28303,-42.04627,
SN 2014dc,257.78636,-52.74881,
SN 2012hs,274.24823,4.55154,
SN 2008ge,255.14483,-46.70832,
SN 2014O,276.44862,6.53467,
SN 1992L,259.89496,-12.67189,
SN 1982Z,259.8963,-12.66707,
SN 2007bl,344.8643,-58.60972,
SN 1983L,352.31457,-43.58181,
SN 2010dx,352.31556,-43.58464,
SN 1985P,255.6663,-51.18509,
SN 2008eu,348.98071,-53.79774,
SN 2008dy,322.09757,-68.51641,
SN 2008da,352.24646,-30.99252,
SN 2010iy,348.28505,-17.13301,
SN 2013fy,351.83264,-47.36106,
SN 2009lc,351.96539,-47.27132,
SN 2011kl,299.9167,-70.29246,0.677
SN 2010fy,252.89074,-33.85193,
SN 2009id,350.9584,-23.49112,
SN 2012bc,283.47449,11.97583,
SN 2014at,352.15366,-48.93615,
SN 1997du,322.93858,-69.01078,
SN 1992K,306.27451,16.30904,
SN 1992ay,252.36255,-43.2119,
SN 1991ah,350.84726,-52.9676,
SN 1985D,280.60818,10.80908,
SN 1989Y,353.5122,-44.17336,
SN 2012eb,334.26649,-66.46844,0.398
SN 1982I,353.86368,-35.13443,
SN 2009el,307.07011,16.57517,
SN 2010hd,347.72173,-58.17518,
SN 1978G,350.32038,-54.84231,
SN 1983X,308.40362,16.61903,
SN 2008O,255.79719,-18.08095,
SN 2014P,282.46641,12.34397,
SN 2010im,354.1157,-32.62663,
SN 2002ge,347.12621,-60.46277,
SN 2008et,353.29377,-25.87181,
SN 2011gx,250.4951,-36.98803,
SN 1993T,344.64107,-63.15676,
SN 1997dh,335.17939,-67.81613,
SN 2005dc,354.92345,-48.57896,
SN 1992bl,344.1288,-63.92489,
SN 2014df,251.56799,-51.41188,
SN 2008fw,277.95171,11.18438,
SN 1997Z,277.97606,11.20591,
SN 1992ar,343.78449,-64.30778,0.145
SN 1983S,251.52207,-51.39376,
SN 2001el,251.51596,-51.39891,
SN 1992as,356.00191,-41.78723,
SN 2003hn,251.49566,-51.38434,
SN 1998dc,352.81927,-55.18908,
SN 2014ar,289.91285,16.59844,
SN 1997dr,253.24487,-55.86139,
SN 2009fj,294.51818,17.67492,
SN 1978D,346.52089,-62.78877,
SN 2014N,260.39178,-63.60741,
SN 2008ff,355.76953,-32.89435,
SN 2013aa,321.40295,14.99031,
SN 2012ft,356.40256,-36.00068,
SN 1976L,251.01958,-52.52021,
SN 1996am,355.95026,-49.3606,
SN 1959G,356.16502,-32.24597,
SN 2001db,277.37125,11.72439,
SN 2015av,356.75138,-35.62462,
SN 1981C,308.61164,18.8381,
SN 1958F,308.50776,18.85313,
SN 1996ag,356.38605,-49.53429,0.14
SN 2012cl,275.22343,10.65817,
SN 2012dj,346.40715,-64.48628,
SN 2014bz,315.15074,17.74693,
SN 2010gh,327.1469,12.97615,
SN 2011dg,327.13713,12.986,
SN 2010iv,248.78605,-48.16293,
SN 1996L,289.16998,17.49715,
SN 2009G,321.57222,15.79803,
SN 1995Q,356.95713,-33.21783,
SN 2011hs,350.26381,-61.80089,
SN 2007it,319.26159,16.71471,
SN 2008ig,304.21619,19.52081,
SN 2011hp,296.205,19.08426,
SN 2012hv,302.1698,19.53693,
SN 2011am,296.20555,19.09188,
SN 1978I,357.36223,-48.64237,
SN 1986G,309.54231,19.40103,
SN 2009ev,307.36885,19.69454,
SN 1993Q,358.16637,-36.65164,
SN 2011dr,357.38222,-31.2896,
SN 2014di,278.64382,-72.56269,
SN 2010cm,278.62169,-72.57108,
SN 1996E,253.11936,34.31104,0.43
SN 2005me,278.57298,-72.56384,
SN 2005Q,278.61498,-72.57704,
SN 1984I,307.47206,19.99077,
SN 2011gm,273.97939,-71.77238,
SN 1991ba,277.85582,-72.70079,
SN 1992af,358.65092,-35.66134,
SN 2012fy,356.64952,-25.95422,
SN 2014cr,356.6525,-25.92308,
SN 1991be,359.02337,-47.22551,
SN 2005my,246.60816,-48.68211,
SN 1980J,350.51847,-64.99721,
SN 2012ca,353.68581,-15.90437,
SN 1991ax,249.8735,-59.05239,
SN 2011bo,355.01479,-19.11578,
SN 2000cl,277.67185,14.56802,
SN 2007ft,302.05382,21.27484,
SN 1998el,248.01563,-56.26205,
SN 1988ai,332.83885,-72.92553,
SN 2009mk,332.84207,-72.92486,
SN 1982M,332.74749,-73.02776,
SN 2014cz,317.16755,-75.21115,
SN 2013F,347.67979,-67.88076,
SN 1997dk,343.01806,-70.12494,
SN 1997dl,343.02268,-70.12541,
SN 2010jt,343.0269,-70.13794,
SN 1997dm,318.93548,-75.35951,
SN 1998dz,247.20734,-56.375,
SN 2001ig,354.82853,-62.80063,
SN 2008cn,300.79455,21.8581,
SN 2009ca,1.08045,-46.01052,
SN 1990I,301.58206,22.12756,
SN 2001jx,301.1382,22.12106,
SN 1982H,355.46798,-63.21864,
SN 2009la,244.3988,-44.82976,
SN 1997dj,284.79506,-75.70148,
SN 2001ge,0.76948,-35.57546,0.22
SN 2013az,246.0267,-30.27018,
SN 2004dm,358.1004,-60.49938,0.225
SN 1993S,357.07452,-62.13195,
SN 2008hw,358.82611,-59.90474,0.53
SN 1990ab,1.77585,-51.31609,
SN 2009bb,275.81881,15.4373,
SN 2009hg,303.61421,23.01289,
SN 2003lw,255.7364,-4.80149,0.105
SN 2010ev,274.72931,14.91659,
SN 2014ba,358.02276,-62.83359,
SN 2001cz,302.10647,23.28541,
SN 1992bc,245.69465,-59.63475,
SN 1998ei,350.88245,-69.36205,
SN 1999Y,243.65508,-53.64097,
SN 1998db,358.35945,-63.06315,
SN 1998da,323.68644,-76.71283,
SN 2013fe,245.52414,-59.93444,
SN 2010hc,0.75369,-28.55523,
SN 2012hc,249.41907,-65.70041,
SN 1982U,247.83343,-19.63288,
SN 2005bq,318.2872,21.44851,
SN 2012gk,243.64644,-33.25037,
SN 1983A,303.18465,23.83839,
SN 2006co,303.1961,23.84086,
SN 2008ib,303.18554,23.84544,
SN 1994ag,242.29382,-50.49653,
SN 2014bt,3.72532,-49.29892,
SN 1998ej,349.67221,-71.15408,
SN 1997fc,242.69121,-37.59609,
SN 2008dp,289.97627,22.53257,
SN 2010kt,242.41274,-37.43722,
SN 2001dh,2.55617,-32.64977,
SN 2012he,242.38536,-37.39886,
SN 1997fb,242.37747,-37.31762,
SN 2006bn,1.89249,-29.34935,
SN 2011ii,250.2396,-11.97722,
SN 2008jb,241.44589,-50.87178,
SN 2012ba,332.91626,15.72655,
SN 2010W,291.25972,23.44378,
SN 2012gw,271.19923,14.60452,
SN 2008bq,247.00319,-18.22558,
SN 2011bb,286.81977,22.46752,
SN 1998ek,246.61593,-19.04165,
SN 1982L,353.80326,-70.87355,
SN 2007iw,317.57064,23.04055,
SN 2013M,317.56725,23.05335,
SN 2007gj,248.47197,-68.64175,
SN 1984H,245.65817,-21.07329,
SN 1983Q,334.38717,-77.30563,
SN 2010da,299.00949,-79.40502,
SN 2012J,328.67797,18.94161,
SN 2008fl,1.6981,-24.61361,
SN 2010dv,289.46347,23.71828,
SN 2004fb,3.82604,-32.04716,
SN 1993af,241.19343,-35.83779,
SN 2014dw,281.704,21.23821,
SN 1992aq,1.77584,-65.31515,0.1
SN 2013hf,245.18705,-20.9485,
SN 2004ee,250.5333,-71.22927,
SN 2011gt,3.09649,-28.39942,
SN 2012at,240.52425,-38.39581,
SN 1992bs,240.02814,-55.34567,
SN 2004cz,0.86335,-66.89707,
SN 2006mr,240.1615,-56.68641,
SN 1980N,240.16132,-56.68923,
SN 1981D,240.16132,-56.68923,
SN 2006dd,240.15454,-56.69092,
SN 1965J,240.04097,-57.0224,
SN 1982T,245.9904,-17.97625,
SN 1983Z,3.46231,-63.86537,
SN 1992at,6.65273,-46.13999,
SN 2010gu,6.15649,-56.55805,
SN 2007X,324.01254,21.82954,
SN 2012Q,246.28198,-16.81061,
SN 1999ex,6.49527,-55.92076,
SN 1999ee,6.50071,-55.93018,
SN 2007oc,4.01872,-63.94478,
SN 1983M,4.03269,-63.96763,
SN 2006av,240.64372,-61.68665,
SN 1980M,245.51684,-18.13688,
SN 2012bb,295.87439,25.98147,
SN 2011jl,275.90401,19.67992,
SN 2001gi,238.52523,-43.62126,0.2
SN 2004ae,238.46423,-43.5812,0.48
SN 1969A,238.09988,-53.95887,
SN 2012R,322.51765,23.21348,
SN 1983V,237.97172,-54.61359,
SN 2001du,237.96123,-54.62227,
SN 1957C,237.95648,-54.59933,
SN 2012fr,237.93336,-54.60008,
SN 2009dt,7.96931,-54.77896,
SN 2015ao,251.7107,-74.56286,
SN 1993L,5.94792,-64.37827,
SN 1999ao,243.83006,-20.02312,
SN 1982G,309.74997,26.67345,
SN 1998O,313.78905,26.07898,
SN 2002bq,263.44623,11.36395,
SN 2010hx,272.89362,18.81614,
SN 2011iv,236.95166,-53.55674,
SN 2006th,72.17083,-63.32585,0.14
SN 2007on,236.92274,-53.5587,
SN 1981I,238.29271,-61.95192,
SN 2009nb,272.69355,18.81802,
SN 1993ag,268.43498,15.92919,
SN 1998P,313.35228,26.48312,
SN 1996S,283.76789,24.20008,0.11
SN 2009kl,269.0199,16.65656,
SN 2008ik,236.33845,-54.11527,
SN 1992aj,358.35876,-74.21127,
SN 1998cw,7.65015,-64.20006,
SN 1970N,284.7195,-81.54762,
SN 1992A,235.89646,-54.05954,
SN 2010bt,9.9383,-50.35492,
SN 1982Q,238.79363,-67.14964,
SN 2011fo,7.69639,-34.45243,
SN 2014cc,243.28947,-18.41828,
SN 2008il,240.78022,-69.99744,
SN 1992bq,270.26059,18.13805,
SN 2013du,262.18596,-79.6539,
SN 2004eq,10.59841,-52.15779,
SN 2010ma,306.92474,-82.54221,0.55
SN 2010ac,318.29168,26.35104,
SN 1993B,273.32346,20.46042,
SN 2013fd,254.03293,-78.33165,
SN 2011hu,242.74219,-18.28317,
SN 2013E,267.05265,16.44146,
SN 2010F,267.93241,17.12868,
SN 1992bo,261.99621,-80.34777,
SN 1999ca,267.93059,17.14133,
SN 1997cv,313.18635,27.79272,
SN 2004ip,0.14862,-11.30773,
SN 2000ca,313.20411,27.83341,
SN 2014X,293.37062,28.05243,
SN 2006ds,10.55053,-64.18134,
SN 1994ah,234.81864,-62.31536,
SN 2011jo,354.22793,-78.58808,
SN 1997cz,313.69402,28.12233,
SN 2011gz,326.35427,-82.83167,
SN 1959A,233.61288,-55.1682,
SN 2011bj,10.21891,-38.73316,
SN 2012dw,11.44278,-44.9512,
SN 1980G,313.04937,28.53223,
SN 2009fr,251.29882,-79.14026,
SN 1979F,234.6754,-65.84841,
SN 2004cy,12.05682,-47.3897,
SN 2010lv,309.70559,29.24442,
SN 2009gj,338.30316,-82.4146,
SN 1993O,312.41328,28.92589,
SN 1998E,311.97451,29.02994,
SN 1974B,311.97375,29.0323,
SN 2008br,265.49495,16.62401,
SN 2008co,265.49538,16.63055,
SN 2009mu,264.92834,16.23963,
SN 1990Y,232.64531,-53.85411,
SN 2010jd,232.64504,-53.85564,
SN 1998dd,316.28743,28.36989,
SN 2012bu,275.9987,23.66609,
SN 1981A,233.1691,-46.58179,
SN 2008ii,305.5317,30.0242,
SN 1996bp,246.31904,-78.94592,
SN 2011ah,238.28649,-25.64395,
SN 2010jr,236.01666,-32.5751,
SN 2012hd,262.63896,-82.60745,
SN 1971F,322.40589,27.12505,
SN 2006dr,231.69713,-58.07845,
SN 2008bk,4.65896,-77.18627,
SN 1980H,316.50781,28.8456,
SN 2008ef,270.20573,20.87355,
SN 1990ak,311.08096,29.91764,
SN 2001ba,285.39057,28.02816,
SN 1992ai,247.36509,-80.33712,
SN 2012dl,5.46362,-18.08756,
SN 2012ag,315.13464,29.68339,
SN 2009dl,292.33007,29.98806,0.1429
SN 2011ei,11.28245,-34.69916,
SN 1992T,315.53119,29.7238,
SN 2009it,9.17579,-27.15091,
SN 2006di,257.75771,-83.29778,
SN 1982J,314.78528,30.04181,
SN 1972E,314.8399,30.08003,
SN 1895B,314.86684,30.10987,
SN 2003bj,309.64098,30.89202,
SN 1998Q,313.13548,30.42826,
SN 1995C,291.25815,30.19446,
SN 2004ej,265.26446,18.50433,
SN 2008bp,265.2601,18.50224,
SN 2010bo,342.90224,16.63042,
SN 2003bg,231.01808,-46.63741,
SN 1998Z,234.8698,-31.14776,
SN 2004S,240.78651,-14.79685,
SN 2003jg,262.57494,16.7627,
SN 2008eh,262.5961,16.79472,
SN 1998bs,311.70081,31.12114,
SN 2012hy,305.44506,31.88174,
SN 2012eq,275.84515,-85.84689,
SN 1958D,288.56992,30.4872,
SN 2010lr,11.40723,-78.72901,
SN 1997df,229.91956,-46.91435,
SN 1993H,318.2223,30.33567,
SN 1992an,314.57838,31.13777,
SN 2009as,330.55745,25.9163,
SN 2001gg,329.59584,-87.05323,0.61
SN 2009gb,330.55936,25.92549,
SN 1958C,304.64445,32.26271,
SN 2005al,317.58122,30.62409,
SN 2012el,340.77096,19.66891,
SN 2010in,246.57537,-83.58374,
SN 2004cx,15.45145,-75.68508,
SN 2010hg,262.15536,17.39234,
SN 2000di,251.75256,-84.57754,
SN 1988U,8.73685,-81.22642,0.31
SN 1993P,312.56545,31.74702,
SN 1999eu,227.01632,-64.67431,
SN 2013hn,317.4205,30.95682,
SN 2013dm,317.88198,30.85421,
SN 1992bd,226.91494,-64.68076,
SN 2003ce,266.54439,21.16347,
SN 2003B,226.80773,-64.69948,
SN 2014co,250.46001,-84.77857,
SN 1990S,291.27522,31.66984,
SN 2014do,249.27583,3.11816,
SN 1995S,296.89221,32.4967,
SN 1985I,317.47904,31.21671,
SN 1992Z,312.51281,32.15719,
SN 2012ce,278.92207,28.35544,
SN 2001dm,227.9157,-75.62903,
SN 1983N,314.53471,31.94571,
SN 1945B,314.57924,31.97142,
SN 1950B,314.57924,31.97142,
SN 1968L,314.58171,31.97239,
SN 2005dg,228.62033,-47.1003,
SN 1923A,314.62166,31.98082,
SN 1957D,314.60368,32.00766,
SN 2004fa,13.04183,-31.72271,
SN 2001bb,316.19481,31.72579,
SN 2004cb,316.30568,31.7583,
SN 1990ac,227.75585,-50.22148,
SN 2003lz,242.13171,-8.11618,
SN 2007cj,263.92648,19.97628,
SN 2009au,305.0964,33.23466,
SN 2011fh,304.18128,33.36156,
SN 1991bf,19.39873,-76.77684,
SN 2001io,330.47381,-87.38893,0.19
SN 2007uz,280.27646,29.45174,
SN 2007ch,343.29522,19.17749,
SN 2010kx,21.10367,-70.59268,
SN 2010as,343.30006,19.17494,
SN 2008fp,241.87994,-7.96098,
SN 1998ch,312.74294,32.86014,
SN 1971C,286.98084,31.6608,
SN 2008cq,325.45934,29.66579,
SN 1996aj,312.72704,32.92026,0.11
SN 1998ck,260.33752,17.62011,
SN 1983C,288.14792,32.15658,
SN 1982A,289.12488,32.4107,
SN 2014dq,20.85694,-57.38949,
SN 2009ip,20.90248,-57.35828,
SN 2004ev,9.30178,-18.61043,
SN 2008hg,225.18945,-79.05848,
SN 2003bu,320.70503,31.60051,
SN 1997cm,303.5081,34.05584,
SN 2013gp,224.9716,-55.77577,0.236
SN 1999ei,224.90701,-80.49854,
SN 2010ih,239.89816,-10.3683,
SN 2013go,224.49599,-55.56185,
SN 1994ab,18.3542,-42.9231,
SN 2012dn,14.85799,-31.51992,
SN 2009kw,224.64468,-53.21004,0.24
SN 2000P,307.13887,34.50914,
SN 1999gt,224.06131,-54.54488,0.274
SN 2009ku,223.90857,-55.0412,
SN 2012gt,224.07988,-54.32927,0.491
SN 2011bf,318.1222,33.1,
SN 2013gc,246.27619,2.31813,
SN 2013ak,246.26211,2.30447,
SN 2012dh,308.22256,34.65997,
SN 1985C,269.30406,25.73346,
SN 2003br,329.14056,29.57318,
SN 1993ah,25.87585,-76.77085,
SN 2003lt,223.79621,-54.40162,
SN 1962D,269.12672,25.73045,
SN 2003aj,223.77557,-54.39418,1.307
SN 2003lu,223.76561,-54.42388,
SN 1984C,315.45572,33.808,
SN 2003ak,223.76988,-54.38413,1.551
SN 2004gi,270.38996,26.49008,
SN 2009ky,223.85566,-54.01227,0.26
SN 2002fz,223.75644,-54.37686,
SN 1965D,270.39633,26.50149,
SN 2002ga,223.71291,-54.43237,
SN 2012fa,223.81166,-53.89579,0.4
SN 1978C,224.2201,-52.32358,
SN 2000ex,224.21943,-52.32086,
SN 1999gu,223.69301,-54.32812,0.147
SN 2012fq,223.65857,-54.42662,0.67
SN 2001ip,223.57186,-54.71662,0.54
SN 2002kb,223.64119,-54.38964,
SN 2002fv,223.59514,-54.47207,
SN 2002hs,223.56605,-54.47188,
SN 2002lg,223.56575,-54.40786,
SN 1990K,22.0156,-86.12576,
SN 2002fw,223.53334,-54.39845,1.3
SN 2000fc,235.68948,-88.29177,0.42
SN 1984S,270.49402,26.71234,
SN 2002hp,223.50769,-54.44366,1.305
SN 2004R,223.52136,-54.3833,
SN 2002ke,223.44654,-54.53532,
SN 2002fx,223.44173,-54.50495,1.4
SN 2003al,223.43793,-54.50987,
SN 1997cl,319.56221,33.09213,
SN 2002kd,223.45298,-54.44797,0.735
SN 2002hq,223.44142,-54.41793,
SN 2006do,26.40235,-72.393,
SN 2001gh,238.21878,-88.62368,0.16
SN 2002fy,223.37748,-54.45703,
SN 2002hr,223.38014,-54.44066,0.526
SN 2002ht,223.35661,-54.48802,
SN 1999ey,233.76047,-88.43239,
SN 2002kc,223.33809,-54.39155,0.216
SN 2009lp,269.83745,26.47367,
SN 2010lm,263.29154,22.05791,
SN 1977I,221.67679,-86.2656,
SN 2001fz,237.28969,-13.53885,
SN 2012fn,223.40555,-53.74929,0.284
SN 2011Y,246.56258,3.65379,
SN 2006mq,245.74075,2.39927,
SN 2005dw,22.90348,-55.08275,
SN 2002hf,228.27026,-88.53819,
SN 2012ez,223.21171,-53.77549,0.348
SN 2010jq,269.54974,26.51501,
SN 2007rv,217.78668,-77.01942,
SN 2002hc,246.97529,4.47998,
SN 2012hn,236.93132,-13.90132,
SN 2012gu,224.18173,-49.96111,0.45
SN 1986B,311.15156,34.95557,
SN 2012fx,220.78863,-62.46255,
SN 1999cz,310.62692,35.04624,
SN 2008fd,22.25479,-51.69,
SN 2012gv,222.75212,-54.55359,0.57
SN 2012gs,222.84806,-54.10866,0.525
SN 1997by,312.68987,34.86562,
SN 2012fo,222.54266,-54.52876,0.238
SN 1998ez,224.13599,-48.85444,
SN 2012fp,222.51622,-54.28307,0.644
SN 2007cv,269.54384,26.98671,
SN 2007ea,345.65803,20.33586,
SN 2010bv,24.01497,-55.09347,
SN 1996X,310.23163,35.64879,
SN 2005cn,310.23432,35.68553,
SN 1998bt,312.32709,35.46381,
SN 2008V,225.60918,-41.78909,
SN 2005lr,239.02721,-7.7525,
SN 2009ag,239.01167,-7.73741,
SN 1992J,263.53996,23.54538,
SN 2000fv,333.59666,29.01191,
SN 2008gr,55.50087,-88.57143,
SN 2008cf,323.34854,33.28479,
SN 2012bk,320.13212,34.23161,
SN 2005mu,22.18743,-46.63689,
SN 1984G,267.41986,26.45725,
SN 1998ao,263.03679,23.48618,
SN 1996N,221.53482,-52.77162,
SN 2004Q,301.87797,36.65756,
SN 1985E,322.33319,33.98527,
SN 1991U,311.82351,36.21185,
SN 2003hv,218.57541,-60.40202,
SN 2003if,219.70617,-56.92093,
SN 2000cu,12.50886,-18.31673,
SN 2011kj,227.7078,-32.52874,
SN 2013eg,270.00814,28.70414,
SN 1998ce,263.27626,24.40006,
SN 2009jy,265.04462,25.66663,
SN 1980O,218.60365,-58.25896,
SN 2006T,260.20263,22.13299,
SN 2004de,260.18344,22.13738,
SN 2014cp,214.1984,-68.90825,
SN 2006lu,253.55121,15.92239,
SN 2014I,229.82158,-25.7921,
SN 2001df,23.80433,-47.17566,
SN 2003gj,21.37927,-40.1748,
SN 2002et,16.78702,-27.46508,
SN 2002jp,268.39929,28.38157,
SN 2012H,227.77496,-30.44484,
SN 1940E,97.35648,-87.96391,
SN 1997cr,21.59629,-39.77497,
SN 2009hk,19.59405,-33.83698,
SN 2005hh,222.19564,-44.98414,
SN 2005ke,218.97622,-53.3383,
SN 1994X,46.29973,-81.5917,
SN 2009mw,258.28175,21.64358,
SN 2008H,258.26639,21.65031,
SN 2014eh,18.83413,-30.81738,
SN 2004bv,18.84354,-30.82461,
SN 1984V,18.85172,-30.82495,
SN 2008fq,18.85136,-30.82183,
SN 2004be,260.61658,23.68365,
SN 2008ho,211.89162,-68.8578,
SN 2002gw,211.88058,-68.86097,
SN 2013cg,254.77526,18.42198,
SN 2010ir,235.79774,-9.7684,
SN 2007cg,312.72495,37.5698,
SN 2005an,296.3059,37.94189,
SN 2003ib,19.74708,-32.58386,
SN 1997eh,229.29085,-23.99511,
SN 2008fu,215.18665,-60.46576,
SN 2005gn,229.16126,-24.01421,
SN 2003gi,76.03303,-85.97664,
SN 2005di,29.65564,-57.11726,
SN 2003E,223.13047,-39.02927,
SN 2000dc,19.23311,-29.67095,
SN 2010lq,246.15384,9.30451,
SN 1984T,228.90091,-23.61389,
SN 2002av,230.46508,-19.76703,
SN 2004af,227.82503,-26.18361,
SN 2007go,187.11174,-83.07041,
SN 1992ag,312.48946,38.38598,
SN 2006cn,311.81723,38.49574,
SN 2006is,225.86319,-30.54305,
SN 2000fp,227.60395,-26.123,0.3
SN 1998A,274.82592,33.53892,
SN 1994R,274.83555,33.54559,
SN 2001gj,227.54376,-26.07662,0.27
SN 1995ad,229.5272,-21.14205,
SN 1981H,19.59053,-29.14029,
SN 2013hv,270.32733,31.4797,
SN 2011co,252.16797,17.4116,
SN 2006et,93.69351,-85.92785,
SN 2004gh,264.49302,28.14147,
SN 2007hf,210.31131,-65.81845,
SN 2006in,33.0827,-61.09423,
SN 2008K,281.9286,36.43908,
SN 2003em,205.33052,-72.02206,
SN 2009le,205.31287,-72.03279,
SN 2007cb,322.22772,36.98184,
SN 2012fd,228.99223,-21.49772,
SN 2004ds,203.83625,-73.18134,
SN 2007ha,105.18415,-85.92136,0.17
SN 2004ep,228.74752,-21.64831,
SN 2005kg,24.65765,-40.49256,
SN 1998bn,296.34481,39.42496,
SN 2007fq,21.57554,-32.42208,
SN 2000dd,21.58815,-32.4359,
SN 2006im,29.89326,-52.93588,
SN 2007Y,212.14572,-60.07023,
SN 1982R,212.06218,-60.04489,
SN 1993K,230.87205,-15.83178,
SN 2002dh,343.24931,27.85053,
SN 2002dt,350.61289,21.84198,
SN 2013cy,30.85378,-53.40041,
SN 1937B,30.86509,-53.39771,
SN 2004dr,209.59106,-63.49218,
SN 2006dc,352.79021,19.868,
SN 2014dp,243.20849,7.67133,
SN 2012ev,30.31771,-51.68919,
SN 1993D,279.04934,36.5333,
SN 2004av,282.27658,37.54726,
SN 2001fx,45.12421,-73.03157,
SN 2004db,35.81461,-61.62006,
SN 2009aa,277.55481,36.24047,
SN 2010lx,221.21277,-37.2279,0.1
SN 2004al,254.47002,21.91025,
SN 2003am,311.84422,40.31617,
SN 1997br,311.84059,40.32816,
SN 1986O,230.20862,-15.21083,
SN 2000bh,293.74018,40.33358,
SN 2007fc,52.74254,-76.73031,
SN 2003hd,194.61986,-75.75529,
SN 2008em,36.1989,-60.76815,
SN 2006ri,202.33293,-70.10718,
SN 2011I,256.60472,24.30838,
SN 2003ap,256.6825,24.39001,
SN 2001af,256.57495,24.35723,
SN 2001M,263.27155,29.53948,
SN 2004cf,331.96696,46.59612,0.247
SN 1978A,314.77126,40.2295,
SN 2010lz,194.22983,-75.56208,
SN 2003gf,32.69487,-53.83585,
SN 2008cv,25.84011,-38.57799,
SN 2010jh,35.35686,-58.62846,
SN 2003ev,308.81214,40.98989,
SN 2007ai,353.03766,21.07964,
SN 2007cc,325.84263,37.8136,
SN 2006dx,26.55065,-39.78009,
SN 2004ff,221.73909,-33.94031,
SN 1975S,212.30444,-54.84333,
SN 2007fs,31.7248,-51.09891,
SN 2005cw,33.43338,-54.42816,
SN 2009du,317.67261,40.02891,
SN 2010jp,228.73452,-16.99201,
SN 2007at,336.79631,33.48752,
SN 2013ai,228.682,-17.02239,
SN 2003H,228.69124,-16.99523,
SN 1975A,228.68463,-17.00806,
SN 1999ec,228.67245,-17.02765,
SN 1982E,212.18311,-54.36746,
SN 1999gh,255.0478,23.73606,
SN 2006ce,202.12237,-68.36125,
SN 1994ai,202.14253,-68.31622,
SN 2001bc,255.30665,24.08888,0.195
SN 2003bn,258.38632,26.73672,
SN 2007fv,40.78522,-64.79364,
SN 1996Z,253.60838,22.55839,
SN 2007ho,28.268,-42.36458,
SN 1962H,313.19315,41.07413,
SN 2006hb,221.54099,-33.08138,
SN 1975F,253.59373,22.57225,
SN 2015H,269.58485,34.13378,
SN 2002J,269.5661,34.13081,
SN 2002hy,269.56719,34.13542,
SN 2002fi,203.89195,-65.88294,
SN 2013gj,205.1896,-64.27935,
SN 2006qq,223.00501,-29.11399,
SN 2011Z,315.11264,40.98698,
SN 1954I,274.44693,36.55839,
SN 2005as,267.86575,33.4897,
SN 2004ag,255.93733,25.13933,0.362
SN 1984N,32.92319,-51.1248,
SN 2008go,33.86934,-52.90214,
SN 2003gr,49.78435,-72.13086,
SN 2006ec,49.78936,-72.12927,
SN 2006ot,199.00902,-69.88979,
SN 2005cq,256.02778,25.3852,0.31
SN 2006rx,51.7359,-73.13897,
SN 2002ds,342.35984,31.10026,
SN 2004bq,25.1302,-33.61519,
SN 2011ic,260.51988,29.18472,
SN 2001be,256.06447,25.63578,0.241
SN 2010bl,299.4989,42.23804,
SN 2013ao,282.49753,39.68264,
SN 1937E,214.12397,-47.80321,
SN 2000fu,337.41442,34.2946,
SN 1990aj,218.85782,-37.20939,
SN 1992D,226.24313,-19.92937,
SN 1999gc,148.36836,-82.48024,
SN 2008W,243.52288,12.16843,
SN 2011ds,21.71084,-24.32407,
SN 1999cr,312.09393,42.21027,
SN 2008bu,359.70301,15.86948,
SN 1999cs,288.15203,41.41792,
SN 2007sq,244.85565,14.40141,
SN 1999cx,289.15962,41.696,
SN 1998dp,33.66747,-49.91284,
SN 2009hf,98.02231,-82.12706,
SN 2010ey,211.75405,-50.53204,
SN 2002cj,344.61541,30.62439,
SN 2004bo,313.99438,42.35012,
SN 2009fw,25.06721,-30.72227,
SN 2010ly,206.46698,-58.55193,
SN 2002dj,309.89452,43.0609,
SN 2008as,261.03953,30.94568,
SN 2007al,256.45079,27.47245,
SN 2009jc,142.19142,-81.9089,
SN 2004K,331.02146,38.3425,
SN 2007aw,255.99236,27.24921,
SN 1996W,286.35852,41.93757,
SN 1954G,297.71407,43.4592,
SN 2003bw,339.69711,34.51649,
SN 2003go,21.83495,-21.85376,
SN 2009D,212.23951,-47.43564,
SN 2010hv,50.36957,-68.45517,
SN 2010gg,39.54498,-56.91377,
SN 2006de,32.35222,-44.5055,
SN 2005dt,50.22362,-68.2755,
SN 2007U,219.45298,-31.66278,
SN 2013as,284.24724,41.74822,
SN 2007sr,286.99441,42.36023,
SN 2009nz,197.39806,-66.73791,0.49
SN 2013gh,35.69201,-50.43023,
SN 1921A,286.9699,42.44616,
SN 1987J,36.80249,-52.19609,
SN 2013dk,286.95864,42.45765,
SN 2004gt,286.94597,42.45676,
SN 1974E,286.9586,42.46205,
SN 2007P,255.87251,27.88841,
SN 2015an,240.61444,10.67485,
SN 2009hh,207.15485,-54.7825,
SN 2005iq,64.84978,-75.21063,
SN 2006eo,215.88146,-38.59329,
SN 2008hu,238.55764,7.75674,
SN 2009lh,254.66372,27.10208,
SN 2009dp,25.74164,-29.12649,
SN 2002el,28.773,-35.66363,
SN 1999E,311.44158,43.89074,
SN 2001hf,246.27951,18.66292,
SN 2013bd,350.13329,28.35323,
SN 2001gf,36.76312,-50.68094,0.13
SN 1992bp,208.83189,-51.09596,
SN 2003gg,26.21756,-29.29504,
SN 2008gg,165.82461,-78.11138,
SN 2001et,25.50053,-27.35,
SN 1953K,344.10632,33.16615,
